Relative Time,Time,Air Lift Pressure,Jet Water Pressure,Air Suction 1,Air Suction 2,Rack Drive Lowering,Swivel RPM,FWD,Torque,AFT,Pitch,Roll,Feed Result,Drill Depth,Tower Feed Setpoint,Drill Speed Setpoint
0:05:36,5:02:42,9.736,13.156,-0.401,-0.406,0,0,5.078,45.296,4.889,1.267,2.768,0,-16.54,57.142,66.223
0:05:38,5:02:44,9.723,13.16,-0.403,-0.406,0,0,5.071,45.296,4.86,1.183,2.753,0,-16.54,57.142,66.223
0:05:40,5:02:46,9.731,13.159,-0.413,-0.415,0,0,5.068,45.296,4.916,1.341,2.701,0,-16.54,57.142,66.223
0:05:42,5:02:48,9.751,13.149,-0.396,-0.399,0,0,5.071,45.296,4.843,1.215,2.775,0,-16.54,57.142,66.223
0:05:44,5:02:50,9.75,13.149,-0.398,-0.4,0,0,5.081,45.296,4.972,1.222,2.701,0,-16.54,57.142,66.223
0:05:46,5:02:52,9.764,13.155,-0.394,-0.398,56.252,0,5.076,91.784,4.971,1.127,2.74,0,-14.24,57.142,66.223
0:05:48,5:02:54,9.698,13.17,-0.433,-0.438,-3.824,0.256,5.071,109.664,4.969,0.737,2.82,105.094,-11.1,57.142,66.223
0:05:50,5:02:56,9.651,13.14,-0.473,-0.481,-26.554,3.134,5.068,102.512,4.899,1.334,2.809,78.492,-6.37,57.142,66.223
0:05:52,5:02:58,9.688,13.155,-0.448,-0.455,-41.374,6.266,5.068,98.936,4.85,1.173,2.709,132.563,-2.95,57.142,66.223
0:05:54,5:03:00,9.741,13.156,-0.425,-0.433,-72.065,6.54,5.068,97.744,4.806,1.117,2.717,132.563,-0.14,57.142,66.223
0:05:56,5:03:02,9.776,13.159,-0.369,-0.389,-56.669,6.54,5.071,96.552,4.961,1.161,2.772,92.016,4.67,57.142,66.223
0:05:58,5:03:04,9.761,13.174,-0.369,-0.381,-58.91,6.54,5.068,96.552,4.971,1.308,2.726,141.984,9.25,57.142,66.223
0:06:00,5:03:06,9.7,13.167,-0.429,-0.439,-84.626,6.543,5.068,95.36,4.969,1.149,2.763,127.758,12.5,57.142,72.845
0:06:02,5:03:08,9.74,13.165,-0.437,-0.441,-96.525,6.7,5.071,101.32,4.934,1.235,2.695,105.609,16.89,57.142,72.845
0:06:04,5:03:10,9.779,13.15,-0.394,-0.397,-93.457,6.945,5.071,101.32,4.972,1.205,2.736,105.609,22.02,57.142,72.845
0:06:06,5:03:12,9.817,13.167,-0.333,-0.341,-67.712,7.417,5.071,101.32,4.939,1.19,2.74,167.063,25.92,57.142,72.845
0:06:08,5:03:14,9.766,13.156,-0.367,-0.383,-66.504,7.489,5.071,100.128,4.969,1.205,2.718,108.656,29.18,57.142,72.845
0:06:10,5:03:16,9.75,13.17,-0.397,-0.404,-75.586,7.496,5.071,100.128,4.923,1.144,2.723,116.391,33.31,57.142,72.845
0:06:12,5:03:18,9.747,13.173,-0.404,-0.412,-94.874,7.496,5.071,100.128,4.934,1.291,2.668,116.391,39.02,57.142,72.845
0:06:14,5:03:20,9.769,13.169,-0.373,-0.391,-95.529,7.489,5.085,98.936,4.986,1.154,2.738,157.898,43.43,57.142,72.845
0:06:16,5:03:22,9.816,13.17,-0.365,-0.363,-83.676,7.496,5.068,98.936,4.971,1.129,2.738,136.359,46.37,57.142,72.845
0:06:18,5:03:24,9.834,13.187,-0.33,-0.341,-66.165,7.489,5.071,98.936,4.969,1.088,2.755,87.469,49.97,57.142,72.845
0:06:20,5:03:26,9.822,13.16,-0.325,-0.333,-72.101,7.489,5.071,98.936,4.981,1.257,2.703,167.906,56.46,57.142,72.845
0:06:22,5:03:28,9.816,13.165,-0.34,-0.347,-90.543,7.489,5.071,98.936,4.971,1.18,2.701,167.906,60.56,57.142,72.845
0:06:24,5:03:30,9.799,13.165,-0.357,-0.367,-94.112,7.489,5.068,97.744,4.944,1.087,2.748,143.273,62.99,57.142,72.845
0:06:26,5:03:32,9.774,13.167,-0.366,-0.374,-90.266,7.489,5.066,97.744,4.977,1.386,2.733,89.484,67.72,57.142,72.845
0:06:28,5:03:34,9.816,13.189,-0.343,-0.364,-75.889,7.496,5.068,97.744,4.797,1.242,2.715,132.891,72.22,57.142,72.845
0:06:30,5:03:36,9.819,13.173,-0.339,-0.345,-71.996,7.496,5.068,97.744,4.813,1.185,2.74,112.969,76.18,57.142,72.845
0:06:32,5:03:38,9.842,13.179,-0.317,-0.321,-70.59,7.489,5.068,96.552,4.994,1.227,2.754,112.969,79.57,57.142,72.845
0:06:34,5:03:40,9.856,13.177,-0.296,-0.309,-68.007,7.496,5.071,96.552,4.989,1.16,2.699,98.18,84.23,57.142,72.845
0:06:36,5:03:42,9.819,13.182,-0.323,-0.334,-97.137,7.489,5.06,96.552,4.914,1.338,2.751,135.211,89.04,57.142,72.845
0:06:38,5:03:44,9.859,13.173,-0.329,-0.33,-102.712,7.496,5.06,96.552,4.994,1.224,2.746,137.695,92.6,57.142,72.845
0:06:40,5:03:46,9.866,13.177,-0.29,-0.303,-71.442,7.489,5.063,96.552,4.997,1.255,2.691,97.945,95.72,57.142,72.845
0:06:42,5:03:48,9.869,13.17,-0.306,-0.313,-76,7.489,5.083,96.552,4.982,1.162,2.7,97.945,100.16,57.142,72.845
0:06:44,5:03:50,9.877,13.182,-0.303,-0.306,-82.352,7.489,5.081,96.552,4.904,1.308,2.693,126.891,105.07,57.142,72.845
0:06:46,5:03:52,9.845,13.169,-0.313,-0.32,-97.475,7.489,5.071,96.552,4.808,1.09,2.737,143.766,108.57,57.142,72.845
0:06:48,5:03:54,9.813,13.189,-0.339,-0.339,-108.86,7.496,5.071,96.552,4.948,1.165,2.676,102.984,112.06,57.142,72.845
0:06:50,5:03:56,9.846,13.174,-0.317,-0.32,-107.795,7.496,5.081,96.552,4.992,1.181,2.711,102.984,116.48,57.142,72.845
0:06:52,5:03:58,9.865,13.153,-0.308,-0.312,-96.748,7.496,5.056,96.552,4.933,1.245,2.748,142.969,120.96,57.142,72.845
0:06:54,5:04:00,9.852,13.179,-0.311,-0.315,-77.162,7.489,5.066,96.552,4.994,1.175,2.743,122.367,124.33,57.142,72.845
0:06:56,5:04:02,9.888,13.197,-0.309,-0.316,-78.658,7.496,5.06,96.552,4.883,1.242,2.743,92.086,128.23,57.142,72.845
0:06:58,5:04:04,9.826,13.167,-0.332,-0.338,-91.662,7.496,5.071,95.36,4.878,1.275,2.754,135.961,132.53,57.142,72.845
0:07:00,5:04:06,9.849,13.169,-0.322,-0.327,-92.316,7.496,5.078,95.36,4.986,1.359,2.717,135.961,136.34,57.142,72.845
0:07:02,5:04:08,9.855,13.149,-0.317,-0.318,-79.504,7.489,5.068,95.36,4.997,1.145,2.728,121.055,139.38,57.142,72.845
0:07:04,5:04:10,9.893,13.169,-0.282,-0.29,-60.266,7.496,5.071,95.36,4.994,1.078,2.716,107.32,143.35,57.142,72.845
0:07:06,5:04:12,9.899,13.174,-0.29,-0.299,-61.885,7.486,5.071,95.36,4.948,1.03,2.671,120.141,148.89,57.142,72.845
0:07:08,5:04:14,9.834,13.183,-0.331,-0.335,-79.978,7.489,5.071,95.36,4.855,1.189,2.84,142.289,152.85,57.142,72.845
0:07:10,5:04:16,9.827,13.183,-0.353,-0.364,-87.417,7.496,5.071,95.36,4.934,1.375,2.687,142.289,156.01,57.142,72.845
0:07:12,5:04:18,9.855,13.17,-0.324,-0.329,-81.388,7.496,5.083,95.36,4.921,1.174,2.761,102.047,160.28,57.142,72.845
0:07:14,5:04:20,9.849,13.167,-0.315,-0.32,-73.604,7.496,5.068,95.36,4.899,1.16,2.744,145.688,165.48,57.142,72.845
0:07:16,5:04:22,9.842,13.139,-0.316,-0.321,-70.906,7.486,5.068,95.36,4.88,1.238,2.683,157.617,169.7,57.142,72.845
0:07:18,5:04:24,9.846,13.193,-0.322,-0.325,-68.615,7.489,5.068,95.36,5.006,1.196,2.758,76.453,172.73,57.142,72.845
0:07:20,5:04:26,9.803,13.201,-0.348,-0.359,-79.324,7.496,5.071,95.36,4.994,0.979,2.771,76.453,176.54,57.142,72.845
0:07:22,5:04:28,9.834,13.189,-0.345,-0.349,-99.158,7.489,5.068,95.36,4.994,1.329,2.694,114.422,181.65,57.142,72.845
0:07:24,5:04:30,9.837,13.163,-0.324,-0.33,-103,7.499,5.083,95.36,5.002,1.361,2.739,150.398,185.15,57.142,72.845
0:07:26,5:04:32,9.832,13.177,-0.331,-0.332,-102.18,7.496,5.095,95.36,4.933,1.224,2.714,80.648,188.36,57.142,72.845
0:07:28,5:04:34,9.846,13.163,-0.338,-0.343,-76.986,7.489,5.073,95.36,4.923,1.237,2.842,80.648,192.73,57.142,72.845
0:07:30,5:04:36,9.83,13.182,-0.345,-0.35,-76.597,7.489,5.083,95.36,4.921,1.166,2.699,134.602,196.84,57.142,72.845
0:07:32,5:04:38,9.846,13.187,-0.342,-0.347,-80.338,7.489,5.083,95.36,4.944,1.244,2.76,128.133,199.88,57.142,72.845
0:07:34,5:04:40,9.834,13.193,-0.342,-0.352,-83.971,7.496,5.083,95.36,4.939,1.08,2.747,78.914,203.4,57.142,72.845
0:07:36,5:04:42,9.79,13.179,-0.37,-0.365,-105.101,7.489,5.083,95.36,4.894,1.352,2.721,141.023,208.1,57.142,72.845
0:07:38,5:04:44,9.832,13.182,-0.36,-0.36,-111.129,7.489,5.083,95.36,4.868,1.187,2.733,141.023,212.41,57.142,72.845
0:07:40,5:04:46,9.83,13.182,-0.325,-0.33,-93.072,7.489,5.095,94.168,4.813,1.008,2.743,138.82,215.61,57.142,72.845
0:07:42,5:04:48,9.819,13.165,-0.345,-0.347,-93.719,7.499,5.095,94.168,4.948,1.263,2.776,89.414,219.58,57.142,72.845
0:07:44,5:04:50,9.817,13.183,-0.351,-0.351,-104.32,7.489,5.09,94.168,4.866,1.228,2.725,125.367,224.52,57.142,72.845
0:07:46,5:04:52,9.84,13.184,-0.339,-0.341,-94.205,7.489,5.09,94.168,4.818,1.204,2.751,125.672,228.54,57.142,72.845
0:07:48,5:04:54,9.849,13.184,-0.344,-0.349,-97.532,7.496,5.09,94.168,4.818,1.225,2.825,125.672,231.33,57.142,72.845
0:07:50,5:04:56,9.819,13.2,-0.356,-0.361,-112.784,7.496,5.1,94.168,4.909,1.302,2.706,93.094,235.38,57.142,72.845
0:07:52,5:04:58,9.83,13.184,-0.357,-0.36,-115.23,7.496,5.095,94.168,4.823,1.442,2.641,121.664,240.28,57.142,72.845
0:07:54,5:05:00,9.834,13.179,-0.337,-0.341,-92.094,7.496,5.073,94.168,4.83,1.203,2.73,154.852,244.71,57.142,72.845
0:07:56,5:05:02,9.819,13.165,-0.346,-0.354,-85.561,7.489,5.078,94.168,4.856,1.157,2.79,94.758,247.41,57.142,72.845
0:07:58,5:05:04,9.827,13.174,-0.348,-0.36,-100.317,7.496,5.071,94.168,4.888,1.053,2.749,94.758,252.19,57.142,72.845
0:08:00,5:05:06,9.849,13.169,-0.333,-0.337,-75.259,7.489,5.073,94.168,4.876,1.224,2.723,132.727,256.88,57.142,72.845
0:08:02,5:05:08,9.837,13.197,-0.338,-0.344,-72.245,7.496,5.111,94.168,4.871,1.176,2.689,128.156,259.88,57.142,72.845
0:08:04,5:05:10,9.79,13.191,-0.376,-0.381,-90.043,7.496,5.083,94.168,4.855,1.278,2.787,73.969,262.72,57.142,72.845
0:08:06,5:05:12,9.823,13.206,-0.369,-0.373,-94.273,7.489,5.088,94.168,4.85,1.187,2.75,123.07,267.09,57.142,72.845
0:08:08,5:05:14,9.855,13.16,-0.334,-0.339,-80.122,7.489,5.078,94.168,4.85,1.228,2.676,123.07,272.81,57.142,72.845
0:08:10,5:05:16,9.826,13.201,-0.345,-0.344,-78.86,7.489,5.095,94.168,4.85,1.293,2.794,153.398,275.12,57.142,72.845
0:08:12,5:05:18,9.832,13.196,-0.353,-0.36,-73.036,7.496,5.09,92.976,4.866,1.2,2.717,62.789,277.48,57.142,72.845
0:08:14,5:05:20,9.852,13.21,-0.331,-0.338,-72.834,7.496,5.083,94.168,4.873,1.19,2.771,137.648,281.83,57.142,72.845
0:08:16,5:05:22,9.812,13.187,-0.355,-0.367,-99.396,7.496,5.093,94.168,4.871,1.24,2.692,137.648,286.99,57.142,72.845
0:08:18,5:05:24,9.826,13.169,-0.354,-0.358,-103.504,7.489,5.083,94.168,4.835,1.219,2.751,140.016,289.89,57.142,72.845
0:08:20,5:05:26,9.834,13.203,-0.34,-0.349,-74.827,7.489,5.121,92.976,4.821,1.277,2.635,68.578,292.73,57.142,72.845
0:08:22,5:05:28,9.869,13.203,-0.319,-0.33,-74.374,7.496,5.098,92.976,4.884,1.19,2.741,108,297.18,57.142,72.845
0:08:24,5:05:30,9.849,13.207,-0.33,-0.332,-84.054,7.496,5.095,92.976,4.86,1.467,2.672,143.508,301.53,57.142,72.845
0:08:26,5:05:32,9.834,13.201,-0.348,-0.354,-105.41,7.496,5.101,94.168,4.871,1.263,2.686,143.508,304.33,57.142,72.845
0:08:28,5:05:34,9.801,13.196,-0.36,-0.367,-97.856,7.496,5.085,94.168,4.888,1.208,2.78,90.492,307.44,57.142,72.845
0:08:30,5:05:36,9.836,13.189,-0.338,-0.346,-99.482,7.489,5.116,92.976,4.921,1.239,2.79,100.805,312.37,57.142,72.845
0:08:32,5:05:38,9.845,13.201,-0.343,-0.351,-85.914,7.489,5.111,92.976,4.88,1.152,2.724,143.227,316.65,57.142,72.845
0:08:34,5:05:40,9.845,13.183,-0.334,-0.334,-87.799,7.496,5.095,92.976,4.956,1.104,2.829,92.039,319.3,57.142,72.845
0:08:36,5:05:42,9.859,13.2,-0.336,-0.341,-81.561,7.496,5.09,92.976,4.904,1.477,2.555,92.039,320.8,57.142,72.845
0:08:38,5:05:44,9.83,13.196,-0.348,-0.357,-99.374,7.496,5.098,92.976,4.861,1.009,2.673,91.453,326.83,57.142,72.845
0:08:40,5:05:46,9.845,13.184,-0.342,-0.349,-113.971,7.496,5.09,92.976,4.851,1.108,2.674,129.211,331.11,57.142,72.845
0:08:42,5:05:48,9.865,13.201,-0.331,-0.333,-117.604,7.496,5.088,92.976,4.923,1.309,2.751,101.484,333.89,57.142,72.845
0:08:44,5:05:50,9.834,13.197,-0.33,-0.338,-96.64,7.496,5.085,92.976,4.808,0.888,2.715,101.484,337.78,57.142,72.845
0:08:46,5:05:52,9.855,13.193,-0.33,-0.327,-74.73,7.489,5.083,92.976,4.843,1.31,3.088,105.305,342.26,57.142,72.845
0:08:48,5:05:54,9.842,13.214,-0.34,-0.339,-87.59,7.496,5.105,92.976,4.954,1.613,2.509,139.242,345.64,57.142,72.845
0:08:50,5:05:56,9.83,13.197,-0.342,-0.35,-97.529,7.496,5.105,92.976,4.871,0.513,2.643,83.18,348.39,57.142,72.845
0:08:52,5:05:58,9.856,13.221,-0.322,-0.335,-80.072,7.489,5.106,92.976,4.976,1.525,2.586,97.711,351.84,57.142,72.845
0:08:54,5:06:00,9.866,13.221,-0.313,-0.324,-62.964,7.489,5.116,91.784,4.816,1.271,2.491,97.711,356.52,57.142,72.845
0:08:56,5:06:02,9.817,13.211,-0.346,-0.35,-73,7.489,5.106,92.976,4.923,1.048,2.944,150.938,360.91,57.142,72.845
0:08:58,5:06:04,9.816,13.177,-0.369,-0.375,-89.522,7.496,5.095,92.976,4.855,1.366,2.522,106.148,363.91,57.142,72.845
0:09:00,5:06:06,9.852,13.2,-0.336,-0.359,-84.13,7.489,5.085,91.784,4.856,0.954,2.838,102.141,367.51,57.142,72.845
0:09:02,5:06:08,9.892,13.196,-0.298,-0.308,-65.514,7.489,5.095,91.784,4.856,2.318,0.57,124.195,371.92,57.142,72.845
0:09:04,5:06:10,9.842,13.197,-0.329,-0.344,-62.101,7.496,5.093,91.784,4.873,0.043,3.339,124.195,375.04,57.142,72.845
0:09:06,5:06:12,9.852,13.207,-0.351,-0.362,-65.374,7.496,5.095,92.976,4.845,1.133,2.629,86.25,378.12,57.142,72.845
0:09:08,5:06:14,9.773,13.189,-0.396,-0.408,-88.82,7.489,5.083,91.784,4.873,0.942,2.936,107.648,382.52,57.142,72.845
0:09:10,5:06:16,9.842,13.187,-0.358,-0.383,-97.378,7.496,5.093,94.168,4.863,2.851,3.456,140.391,386.48,57.142,72.845
0:09:12,5:06:18,9.885,13.2,-0.298,-0.302,-74.094,7.496,5.095,92.976,4.826,1.441,2.037,140.391,389.59,57.142,72.845
0:09:14,5:06:20,9.888,13.196,-0.276,-0.295,-63.827,7.489,5.085,92.976,4.863,-0.034,3.506,89.859,392.14,57.142,72.845
0:09:16,5:06:22,9.852,13.2,-0.326,-0.338,-72.604,7.489,5.095,92.976,4.856,2.149,2.486,94.055,396.74,57.142,72.845
0:09:18,5:06:24,9.859,13.22,-0.322,-0.336,-92.13,7.489,5.095,94.168,4.856,0.241,3.76,146.039,400.94,57.142,72.845
0:09:20,5:06:26,9.898,13.217,-0.302,-0.313,-93.745,7.496,5.095,94.168,4.861,1.599,2.663,86.18,403.78,57.142,72.845
0:09:22,5:06:28,9.921,13.193,-0.284,-0.3,-92.615,7.496,5.101,92.976,4.86,1.907,2.789,86.18,407.71,57.142,72.845
0:09:24,5:06:30,9.889,13.214,-0.275,-0.291,-77.849,7.496,5.098,94.168,4.846,1.293,2.805,108.492,412.37,57.142,72.845
0:09:26,5:06:32,9.873,13.203,-0.314,-0.324,-100.324,7.489,5.095,94.168,4.811,2.039,3.133,152.016,416.21,57.142,72.845
0:09:28,5:06:34,9.922,13.207,-0.277,-0.283,-88.417,7.489,5.109,94.168,4.816,1.659,2.774,91.828,418.88,57.142,72.845
0:09:30,5:06:36,9.968,13.217,-0.255,-0.268,-64.014,7.496,5.095,92.976,4.808,1.436,2.646,93.797,422.56,57.142,72.845
0:09:32,5:06:38,9.951,13.22,-0.251,-0.272,-62.029,7.489,5.109,96.552,4.823,0.982,2.593,93.797,427.63,57.142,72.845
0:09:34,5:06:40,9.899,13.234,-0.299,-0.313,-89.101,7.489,5.106,96.552,4.84,1.768,1.841,157.383,431.27,57.142,72.845
0:09:36,5:06:42,9.945,13.196,-0.286,-0.292,-89.022,7.496,5.101,96.552,4.884,1.308,2.854,104.109,433.99,57.142,72.845
0:09:38,5:06:44,9.975,13.207,-0.23,-0.234,-58.345,7.489,5.1,94.168,4.88,0.165,3.287,94.969,438.14,57.142,72.845
0:09:40,5:06:46,9.972,13.23,-0.23,-0.24,-45.158,7.489,5.083,97.744,4.818,1.342,2.586,94.969,442.01,57.142,72.845
0:09:42,5:06:48,9.964,13.214,-0.24,-0.251,-48.216,7.496,5.114,100.128,4.805,1.08,2.292,129.07,445.76,57.142,72.845
0:09:44,5:06:50,10.008,13.225,-0.233,-0.238,-60.842,7.395,5.106,102.512,4.828,0.773,3.131,101.461,448.69,57.142,72.845
0:09:46,5:06:52,9.965,13.23,-0.233,-0.24,-68.047,7.392,5.098,101.32,4.851,1.371,1.885,120.117,453.29,57.142,72.845
0:09:48,5:06:54,9.992,13.216,-0.219,-0.224,-59.971,7.395,5.101,106.088,4.904,0.756,2.428,127.781,457.13,57.142,72.845
0:09:50,5:06:56,10.022,13.231,-0.2,-0.207,-33.968,7.395,5.101,108.472,4.846,1.861,1.437,127.781,460.2,57.142,72.845
0:09:52,5:06:58,9.992,13.214,-0.215,-0.222,-40.025,7.398,5.095,103.704,4.838,1.227,3.353,95.953,463.85,57.142,72.845
0:09:54,5:07:00,9.969,13.235,-0.242,-0.248,-68.223,7.398,5.095,101.32,4.838,1.621,2.772,107.789,467.67,57.142,72.845
0:09:56,5:07:02,9.988,13.22,-0.234,-0.239,-60.619,7.395,5.095,108.472,4.813,0.696,2.175,116.203,471.2,57.142,72.845
0:09:58,5:07:04,9.988,13.216,-0.226,-0.234,-49.554,7.398,5.095,112.048,4.816,1.281,2.787,107.602,474.93,57.142,72.845
0:10:00,5:07:06,9.984,13.224,-0.236,-0.239,-46.122,7.395,5.093,106.088,4.826,1.145,2.728,107.602,477.63,57.142,72.845
0:10:02,5:07:08,9.984,13.224,-0.239,-0.247,-37.313,7.398,5.095,103.704,4.838,-0.169,3.249,92.953,481.86,57.142,72.845
0:10:04,5:07:10,9.928,13.221,-0.265,-0.272,-58.791,7.398,5.105,110.856,4.813,0.391,2.852,140.672,485.27,57.142,72.845
0:10:06,5:07:12,9.964,13.234,-0.264,-0.271,-56.669,7.395,5.1,112.048,4.823,-1.019,4.456,81.914,488.34,57.142,72.845
0:10:08,5:07:14,9.974,13.224,-0.243,-0.25,-40.662,7.395,5.101,108.472,4.811,2.022,3.015,93.094,491.41,57.142,72.845
0:10:10,5:07:16,9.945,13.23,-0.264,-0.275,-35.086,7.398,5.106,109.664,4.828,3.072,3.181,93.094,495.27,57.142,72.845
0:10:12,5:07:18,9.936,13.231,-0.286,-0.294,-30.878,7.398,5.095,114.432,4.84,1.075,4.792,109.945,498.86,57.142,72.845
0:10:14,5:07:20,9.925,13.196,-0.288,-0.293,-48.288,7.398,5.095,116.816,4.85,1.668,1.519,99.492,501.61,57.142,72.845
0:10:16,5:07:22,9.918,13.207,-0.296,-0.297,-56.489,7.395,5.1,115.624,4.845,2.485,0.862,111.68,505.5,57.142,72.845
0:10:18,5:07:24,9.935,13.211,-0.28,-0.287,-59.482,7.395,5.095,116.816,4.823,1.3,2.931,111.68,510.09,57.142,72.845
0:10:20,5:07:26,9.956,13.221,-0.271,-0.276,-28.029,7.395,5.098,118.008,4.846,1.535,3.025,127.289,513.45,57.142,72.845
0:10:22,5:07:28,9.922,13.228,-0.274,-0.273,-31.705,7.398,5.095,119.2,4.821,-0.882,3.123,114.469,516.63,57.142,72.845
0:10:24,5:07:30,9.921,13.217,-0.311,-0.313,-52.133,7.395,5.106,120.392,4.861,1.271,2.402,93.82,520.08,57.142,72.845
0:10:26,5:07:32,9.936,13.224,-0.295,-0.297,-46.842,7.395,5.095,120.392,4.826,3.2,3.721,116.273,524.53,57.142,72.845
0:10:28,5:07:34,9.968,13.221,-0.255,-0.261,-23.748,7.301,5.106,121.584,4.808,0.072,2.497,116.273,527.75,57.142,72.845
0:10:30,5:07:36,9.912,13.214,-0.272,-0.285,-17.076,7.304,5.101,120.392,4.86,1.367,2.908,110.461,530.5,57.142,72.845
0:10:32,5:07:38,9.893,13.224,-0.316,-0.325,-38.493,7.31,5.106,121.584,4.855,0.788,3.449,99.305,535.25,57.142,72.845
0:10:34,5:07:40,9.931,13.245,-0.292,-0.299,-27.856,7.329,5.106,126.352,4.813,2.772,2.743,143.133,539.48,57.142,72.845
0:10:36,5:07:42,9.949,13.224,-0.272,-0.281,-14.18,7.304,5.101,122.776,4.838,0.845,3.276,74.203,541.71,57.142,72.845
0:10:38,5:07:44,9.949,13.231,-0.27,-0.279,-15.633,7.301,5.105,116.816,4.851,0.07,2.814,74.203,545.01,57.142,72.845
0:10:40,5:07:46,9.928,13.225,-0.297,-0.299,-35.446,7.301,5.1,115.624,4.843,0.228,3.159,100.031,548.82,57.142,72.845
0:10:42,5:07:48,9.955,13.228,-0.281,-0.289,-33.54,7.301,5.098,119.2,4.851,0.392,2.246,131.344,553.28,57.142,72.845
0:10:44,5:07:50,9.975,13.225,-0.249,-0.256,-10.626,7.395,5.106,119.2,4.855,1.093,2.547,111.094,556.5,57.142,72.845
0:10:46,5:07:52,9.921,13.234,-0.283,-0.288,-26.568,7.398,5.109,115.624,4.866,3.359,1.539,89.367,559.4,57.142,72.845
0:10:48,5:07:54,9.955,13.221,-0.282,-0.287,-50.849,7.395,5.106,110.856,4.838,1.701,3.207,89.367,563.4,57.142,72.845
0:10:50,5:07:56,9.974,13.224,-0.259,-0.267,-34.842,7.398,5.109,115.624,4.833,1.517,1.79,129,567.34,57.142,72.845
0:10:52,5:07:58,9.956,13.23,-0.271,-0.276,-32.324,7.301,5.111,118.008,4.873,2.058,1.939,103.711,570.69,57.142,72.845
0:10:54,5:08:00,10.002,13.235,-0.244,-0.248,-15.554,7.301,5.123,115.624,4.878,0.332,2.918,102.352,573.86,57.142,72.845
0:10:56,5:08:02,9.964,13.221,-0.258,-0.264,-24.446,7.335,5.164,113.24,4.873,1.421,2.849,102.352,577.54,57.142,72.845
0:10:58,5:08:04,9.949,13.238,-0.281,-0.288,-37.917,7.304,5.126,119.2,4.85,1.449,3.213,100.148,581.49,57.142,72.845
0:11:00,5:08:06,9.945,13.23,-0.271,-0.278,-48.119,7.304,5.076,121.584,4.889,1.471,1.622,124.969,584.55,57.142,72.845
0:11:02,5:08:08,9.969,13.225,-0.256,-0.26,-58.719,7.301,5.043,115.624,4.871,0.93,3.058,94.969,587.77,57.142,72.845
0:11:04,5:08:10,9.959,13.231,-0.255,-0.264,-45.338,7.398,5.088,108.472,4.871,1.345,2.916,107.859,591.19,57.142,72.845
0:11:06,5:08:12,9.978,13.238,-0.246,-0.26,-35.352,7.395,5.098,112.048,4.856,-0.989,3.197,107.859,595.59,57.142,72.845
0:11:08,5:08:14,9.959,13.254,-0.27,-0.271,-40.827,7.398,5.118,115.624,4.855,1.388,2.25,116.555,598.37,57.142,72.845
0:11:10,5:08:16,9.961,13.245,-0.271,-0.281,-58.96,7.301,5.116,110.856,4.851,1.407,2.544,85.266,602.06,57.142,72.845
0:11:12,5:08:18,9.931,13.22,-0.283,-0.291,-81.058,7.395,5.109,107.28,4.843,-1.051,2.694,114.867,605.59,57.142,72.845
0:11:14,5:08:20,9.965,13.231,-0.269,-0.276,-84.576,7.398,5.114,106.088,4.818,0.602,3.91,108.563,608.91,57.142,72.845
0:11:16,5:08:22,10.017,13.211,-0.214,-0.24,-50.468,7.398,5.109,101.32,4.83,1.707,3.844,108.563,613.05,57.142,72.845
0:11:18,5:08:24,9.989,13.235,-0.245,-0.261,-46.14,7.398,5.109,104.896,4.826,1.055,1.735,107.578,616.18,57.142,72.845
0:11:20,5:08:26,9.969,13.235,-0.265,-0.272,-55.338,7.395,5.105,106.088,4.83,1.334,3.079,105.07,619.67,57.142,72.845
0:11:22,5:08:28,9.926,13.243,-0.282,-0.291,-67.935,7.398,5.116,108.472,4.856,3.814,-1.387,117.445,623.38,57.142,72.845
0:11:24,5:08:30,9.956,13.231,-0.274,-0.278,-79.029,7.395,5.109,106.088,4.818,-1.406,8.261,117.445,626.39,57.142,72.845
0:11:26,5:08:32,10.001,13.22,-0.23,-0.235,-57.245,7.395,5.106,108.472,4.861,-0.755,2.844,89.461,629.87,57.142,72.845
0:11:28,5:08:34,9.989,13.24,-0.234,-0.25,-29.151,7.395,5.111,108.472,4.873,-0.763,4.386,98.602,633.21,57.142,72.845
0:11:30,5:08:36,9.974,13.238,-0.271,-0.28,-30.658,7.395,5.114,108.472,4.821,3.042,3.338,138.07,637.74,57.142,72.845
0:11:32,5:08:38,9.951,13.23,-0.296,-0.306,-53.097,7.395,5.038,112.048,4.863,0.944,3.6,97.266,640.31,57.142,72.845
0:11:34,5:08:40,9.941,13.228,-0.296,-0.302,-53.191,7.398,5.04,114.432,4.866,2.76,3.088,97.266,643.79,57.142,72.845
0:11:36,5:08:42,9.992,13.23,-0.255,-0.26,-60.399,7.398,5.083,108.472,4.838,0.532,3.549,83.602,647.5,57.142,72.845
0:11:38,5:08:44,10.012,13.228,-0.233,-0.24,-41.309,7.398,5.088,104.896,4.823,1.329,2.888,126.68,651.22,57.142,72.845
0:11:40,5:08:46,9.956,13.225,-0.25,-0.266,-37.712,7.398,5.116,106.088,4.873,1.541,3.053,95.344,654.64,57.142,72.845
0:11:42,5:08:48,9.946,13.225,-0.278,-0.281,-53.345,7.395,5.056,107.28,4.873,1.893,3.076,92.18,657.57,57.142,72.845
0:11:44,5:08:50,9.951,13.234,-0.28,-0.285,-67.856,7.395,5.04,103.704,4.871,1.524,2.425,92.18,662.07,57.142,72.845
0:11:46,5:08:52,9.972,13.214,-0.255,-0.266,-61.993,7.395,5.04,107.28,4.888,1.359,2.336,121.148,665.23,57.142,72.845
0:11:48,5:08:54,9.997,13.231,-0.244,-0.253,-34.216,7.395,5.047,104.896,4.866,2.211,2.413,94.266,668.3,57.142,72.845
0:11:50,5:08:56,9.955,13.243,-0.268,-0.282,-38.137,7.395,5.043,107.28,4.876,0.867,2.98,94.266,671.99,57.142,72.845
0:11:52,5:08:58,9.942,13.235,-0.293,-0.304,-65.094,7.398,5.047,107.28,4.889,1.139,2.728,123.352,675.61,57.142,72.845
0:11:54,5:09:00,9.961,13.225,-0.27,-0.281,-57.993,7.398,5.038,110.856,4.871,-0.769,2.07,123.352,679.25,57.142,72.845
0:11:56,5:09:02,9.998,13.2,-0.226,-0.23,-31.899,7.395,5.105,119.2,4.866,1.836,2.493,101.672,681.79,57.142,72.845
0:11:58,5:09:04,10.03,13.244,-0.202,-0.209,-3.791,7.342,5.052,121.584,4.871,3.557,3.132,106.758,686.27,57.142,72.845
0:12:00,5:09:06,9.968,13.228,-0.241,-0.23,-18.55,7.304,5.035,118.008,4.838,4.1,1.061,122.766,689.62,57.142,72.845
0:12:02,5:09:08,9.946,13.238,-0.289,-0.29,-26.273,7.304,5.033,120.392,4.835,3.168,1.739,122.766,693.67,57.142,72.845
0:12:04,5:09:10,9.928,13.243,-0.288,-0.297,-27.712,7.301,5.061,121.584,4.843,1.551,2.988,102.07,696.35,57.142,72.845
0:12:06,5:09:12,9.989,13.238,-0.246,-0.255,-16.561,7.301,5.043,126.352,4.863,2.502,3.233,86.133,700.44,57.142,72.845
0:12:08,5:09:14,10.004,13.23,-0.229,-0.239,-27.381,7.301,5.056,118.008,4.856,1.812,4.225,118.148,702.94,57.142,72.845
0:12:10,5:09:16,10.004,13.224,-0.229,-0.235,-15.565,7.301,5.043,115.624,4.833,1.812,4.225,84.703,705.71,57.142,72.845
0:12:12,5:09:18,10.004,13.277,-0.245,-0.253,-11.288,7.304,5.068,118.008,4.826,1.879,1.736,84.703,708.88,57.142,72.845
0:12:14,5:09:20,9.956,13.243,-0.284,-0.292,-27.748,7.301,5.055,119.2,4.828,2.791,1.444,93.023,713.19,57.142,72.845
0:12:16,5:09:22,9.965,13.235,-0.275,-0.283,-34.619,7.301,5.035,126.352,4.856,2.192,1.165,133.336,716.16,57.142,72.845
0:12:18,5:09:24,10.007,13.234,-0.232,-0.237,-49.439,7.301,5.035,118.008,4.855,2.241,3.349,92.414,719.57,57.142,72.845
0:12:20,5:09:26,9.984,13.228,-0.235,-0.249,-12.216,7.301,5.033,115.624,4.85,0.488,4.3,92.414,721.64,57.142,72.845
0:12:22,5:09:28,9.992,13.257,-0.246,-0.255,-36.986,7.395,5.045,112.048,4.843,-0.879,3.358,85.359,726.12,57.142,72.845
0:12:24,5:09:30,9.994,13.271,-0.248,-0.255,-31.475,7.304,5.033,114.432,4.838,2.679,1.826,103.828,729.45,57.142,72.845
0:12:26,5:09:32,9.949,13.235,-0.265,-0.278,-56.669,7.304,5.038,112.048,4.816,-0.227,2.81,106.57,733.58,57.142,72.845
0:12:28,5:09:34,9.936,13.24,-0.283,-0.289,-53.748,7.298,5.043,116.816,4.816,1.435,4.248,103.219,736.41,57.142,72.845
0:12:30,5:09:36,9.984,13.254,-0.242,-0.247,-37.352,7.301,5.05,119.2,4.863,0.403,2.321,103.219,740.13,57.142,72.845
0:12:32,5:09:38,10.012,13.26,-0.225,-0.234,-7.263,7.301,5.038,119.2,4.876,2.213,2.39,131.719,744.2,57.142,72.845
0:12:34,5:09:40,9.998,13.26,-0.242,-0.253,-24.939,7.301,5.045,118.008,4.846,1.814,3.545,102.633,747.29,57.142,72.845
0:12:36,5:09:42,9.998,13.25,-0.248,-0.262,-23.914,7.301,5.047,120.392,4.826,1.851,6.139,73.148,750.55,57.142,72.845
0:12:38,5:09:44,10.015,13.258,-0.238,-0.248,-10.777,7.304,5.035,132.312,4.838,-0.877,1.977,113.555,754.56,57.142,72.845
0:12:40,5:09:46,10.001,13.245,-0.239,-0.252,-23.978,7.301,5.043,132.312,4.838,3.76,0.169,113.555,757.92,57.142,72.845
0:12:42,5:09:48,9.998,13.258,-0.246,-0.256,-10.95,7.238,5.056,132.312,4.838,1.841,1.45,114.727,760.86,57.142,72.845
0:12:44,5:09:50,10.015,13.252,-0.229,-0.239,-3.237,7.206,5.033,140.656,4.838,7.283,6.005,69.539,762.87,57.142,72.845
0:12:46,5:09:52,10.002,13.207,-0.235,-0.243,33.658,7.2,5.187,150.192,4.846,2.068,1.864,55.594,765.15,57.142,72.845
0:12:48,5:09:54,10.032,13.267,-0.219,-0.229,27.971,7.209,5.033,140.656,4.85,4.279,5.117,123.164,768.77,57.142,72.845
0:12:50,5:09:56,10.022,13.257,-0.229,-0.236,25,7.112,5.038,147.808,4.861,0.98,3.862,123.164,773.74,57.142,72.845
0:12:52,5:09:58,9.994,13.245,-0.264,-0.272,-3.119,7.112,5.047,138.272,4.845,4.334,4.243,119.414,775.48,57.142,72.845
0:12:54,5:10:00,10.002,13.254,-0.246,-0.272,11.162,7.2,5.038,143.04,4.826,-0.315,1.35,89.883,778.73,57.142,72.845
0:12:56,5:10:02,9.982,13.254,-0.242,-0.257,33.942,7.206,5.038,144.232,4.833,0.978,2.914,86.391,781.72,57.142,72.845
0:12:58,5:10:04,9.975,13.244,-0.249,-0.26,30.626,7.206,5.055,150.192,4.813,-0.652,4.356,86.391,785.99,57.142,72.845
0:13:00,5:10:06,9.986,13.243,-0.249,-0.259,40.047,7.162,5.035,158.536,4.821,1.924,2.231,117.563,788.12,57.142,72.845
0:13:02,5:10:08,10.012,13.24,-0.235,-0.248,74.342,7.112,5.033,158.536,4.835,-2.086,2.232,78.07,791.15,57.142,72.845
0:13:04,5:10:10,9.986,13.26,-0.252,-0.265,89.122,7.112,5.033,170.456,4.83,4.873,2.63,94.57,794.55,57.142,72.845
0:13:06,5:10:12,9.992,13.262,-0.261,-0.271,84.115,7.106,5.033,162.112,4.826,0.976,2.032,95.32,797.66,57.142,72.845
0:13:08,5:10:14,9.984,13.248,-0.266,-0.278,60.831,7.112,5.038,164.496,4.816,3.385,1.164,95.32,799.92,57.142,72.845
0:13:10,5:10:16,10.007,13.238,-0.241,-0.244,54.993,7.112,5.033,162.112,4.828,-1.071,6.203,78.844,803.71,57.142,72.845
0:13:12,5:10:18,10.03,13.243,-0.216,-0.223,66.083,7.09,5.056,170.456,4.816,1.891,6.275,108.633,806.46,57.142,72.845
0:13:14,5:10:20,10.017,13.257,-0.229,-0.238,107.971,6.977,5.038,179.992,4.835,0.988,4.88,82.102,809.35,57.142,72.845
0:13:16,5:10:22,9.997,13.264,-0.248,-0.253,94.673,7.011,5.035,178.8,4.826,2.677,0.607,100.313,813.22,57.142,72.845
0:13:18,5:10:24,9.955,13.254,-0.279,-0.284,79.004,6.923,5.038,164.496,4.813,3.543,3.259,100.313,816.99,57.142,66.223
0:13:20,5:10:26,9.951,13.248,-0.286,-0.293,56.255,6.823,5.04,170.456,4.833,1.925,3.334,124.969,821.06,57.142,66.223
0:13:22,5:10:28,9.998,13.23,-0.246,-0.269,71.777,6.631,5.04,172.84,4.85,3.257,4.554,82.242,822.46,57.142,66.223
0:13:24,5:10:30,10.022,13.248,-0.215,-0.226,112.759,6.392,5.033,166.88,4.868,0.368,-3.273,48.258,824.19,57.142,66.223
0:13:26,5:10:32,10.007,13.262,-0.238,-0.247,104.626,6.288,5.035,170.456,4.88,1.075,3.664,97.172,827.26,57.142,66.223
0:13:28,5:10:34,10.001,13.272,-0.252,-0.262,106.885,6.26,5.045,174.032,4.861,1.955,2.223,97.172,831.53,57.142,66.223
0:13:30,5:10:36,9.984,13.264,-0.266,-0.272,99.842,6.165,5.05,189.528,4.823,2.006,1.76,121.359,833.56,57.142,66.223
0:13:32,5:10:38,9.964,13.245,-0.266,-0.273,123.41,6.165,5.045,201.448,4.838,0.336,2.162,59.133,835.72,57.142,66.223
0:13:34,5:10:40,10.018,13.252,-0.235,-0.239,138.867,6.165,5.047,207.408,4.83,2.656,1.266,80.297,838.69,57.142,66.223
0:13:36,5:10:42,10.012,13.258,-0.233,-0.241,144.255,6.165,5.033,190.72,4.868,1.537,2.572,80.297,842.71,57.142,66.223
0:13:38,5:10:44,10.001,13.281,-0.242,-0.256,135.122,6.228,5.033,182.376,4.873,0.673,0.29,110.18,845.07,42.857,66.223
0:13:40,5:10:46,9.968,13.268,-0.279,-0.292,101.04,6.26,5.033,196.68,4.85,5.202,3.458,56.531,845.07,42.857,66.223
0:13:42,5:10:48,9.979,13.254,-0.283,-0.305,70.572,6.162,5.033,189.528,4.838,0.496,2.708,0,845.25,42.857,66.223
0:13:44,5:10:50,10.007,13.272,-0.244,-0.25,59.079,6.184,5.022,179.992,4.828,-0.361,3.388,35.344,846.54,42.857,66.223
0:13:46,5:10:52,10.021,13.262,-0.228,-0.238,64.378,6.257,5.035,165.688,4.838,0.575,3.401,35.344,847.64,42.857,66.223
0:13:48,5:10:54,10.037,13.252,-0.224,-0.235,70.076,6.26,5.033,162.112,4.833,0.601,2.815,30.117,848.38,42.857,66.223
0:13:50,5:10:56,10.022,13.296,-0.244,-0.249,75.453,6.257,5.035,172.84,4.838,-0.649,2.991,16.875,848.5,42.857,66.223
0:13:52,5:10:58,10.002,13.254,-0.253,-0.26,60.532,6.26,5.033,179.992,4.851,2.621,2.517,12.984,849.77,42.857,66.223
0:13:54,5:11:00,9.978,13.264,-0.273,-0.279,49.014,6.26,5.033,175.224,4.845,-0.835,1.528,12.984,851.38,42.857,66.223
0:13:56,5:11:02,9.988,13.245,-0.256,-0.261,41.741,6.26,5.033,162.112,4.838,1.001,3.523,56.156,852.97,42.857,66.223
0:13:58,5:11:04,10.032,13.248,-0.229,-0.237,64.378,6.291,5.033,170.456,4.833,3.895,2.902,51,854.31,42.857,66.223
0:14:00,5:11:06,10.008,13.282,-0.24,-0.25,66.892,6.323,5.038,171.648,4.767,-0.78,2.487,19.219,854.45,42.857,66.223
0:14:02,5:11:08,10.018,13.277,-0.249,-0.258,73.655,6.26,5.033,171.648,4.805,1.698,1.406,24.633,855.33,42.857,66.223
0:14:04,5:11:10,9.989,13.286,-0.259,-0.266,56.64,6.26,5.033,165.688,4.84,2.088,3.145,24.633,857.21,42.857,66.223
0:14:06,5:11:12,9.986,13.271,-0.27,-0.275,41.137,6.26,5.038,171.648,4.607,3.222,4.218,44.953,858,42.857,66.223
0:14:08,5:11:14,10.007,13.258,-0.242,-0.246,45.417,6.26,5.033,171.648,4.843,4.102,2.393,26.227,858.59,42.857,66.223
0:14:10,5:11:16,10.018,13.262,-0.225,-0.232,55.468,6.257,5.033,166.88,4.616,1.547,3.674,21.563,859.69,42.857,66.223
0:14:12,5:11:18,10.03,13.278,-0.23,-0.238,50.914,6.26,5.038,158.536,4.851,0.94,0.867,50.695,861.31,42.857,66.223
0:14:14,5:11:20,9.997,13.295,-0.258,-0.266,57.504,6.257,5.033,164.496,4.818,0.768,3.582,50.695,862.06,42.857,66.223
0:14:16,5:11:22,9.975,13.252,-0.283,-0.291,49.025,6.26,5.027,178.8,4.821,0.255,2.662,29.484,863.42,42.857,66.223
0:14:18,5:11:24,9.997,13.245,-0.282,-0.283,48.007,6.257,5.033,178.8,4.826,1.581,2.804,23.273,864.44,42.857,66.223
0:14:20,5:11:26,10.021,13.25,-0.235,-0.237,61.353,6.257,5.033,176.416,4.768,2.002,3.195,50.625,865.79,42.857,66.223
0:14:22,5:11:28,10.001,13.26,-0.219,-0.231,62.532,6.266,5.038,159.728,4.795,1.041,2.737,50.625,866.99,42.857,66.223
0:14:24,5:11:30,10.001,13.264,-0.251,-0.259,71.147,6.323,5.035,172.84,4.488,-0.906,3.37,32.906,867.53,42.857,66.223
0:14:26,5:11:32,9.974,13.285,-0.276,-0.282,69.734,6.26,5.033,183.568,3.548,1.235,1.173,14.25,867.93,42.857,66.223
0:14:28,5:11:34,9.978,13.258,-0.282,-0.29,60.856,6.165,5.033,185.952,4.181,0.806,2.771,22.336,869,42.857,66.223
0:14:30,5:11:36,10.031,13.25,-0.246,-0.249,66.773,6.165,5.033,175.224,4.219,-2.212,2.985,36.117,870.15,42.857,66.223
0:14:32,5:11:38,10.031,13.244,-0.228,-0.234,74.201,6.184,5.033,172.84,3.768,-0.364,3.467,36.117,871.17,42.857,66.223
0:14:34,5:11:40,10.001,13.277,-0.258,-0.265,81.64,6.26,5.033,177.608,4.843,-0.217,1.959,27.586,871.65,42.857,66.223
0:14:36,5:11:42,9.955,13.245,-0.283,-0.291,62.827,6.26,5.033,179.992,4.785,-0.124,2.332,16.336,872.24,42.857,66.223
0:14:38,5:11:44,10.001,13.25,-0.263,-0.266,56.507,6.26,5.035,177.608,4.609,3.145,3.379,24.234,873.28,42.857,66.223
0:14:40,5:11:46,10.015,13.254,-0.23,-0.239,50.932,6.26,5.033,162.112,4.84,2.494,4.443,35.789,874.35,42.857,66.223
0:14:42,5:11:48,10.017,13.268,-0.233,-0.237,55.946,6.26,5.035,163.304,4.805,0.473,1.359,35.789,874.94,42.857,66.223
0:14:44,5:11:50,10.027,13.285,-0.234,-0.239,67.468,6.257,5.033,172.84,4.851,1.458,3.114,14.273,875.23,42.857,66.223
0:14:46,5:11:52,9.978,13.257,-0.269,-0.281,59.295,6.257,5.033,169.264,4.833,1.207,3.265,14.063,876.14,42.857,66.223
0:14:48,5:11:54,9.989,13.258,-0.283,-0.286,33.712,6.26,5.033,158.536,4.709,-0.258,2.862,41.508,877.51,42.857,66.223
0:14:50,5:11:56,10.017,13.252,-0.24,-0.248,37.784,6.26,5.038,163.304,4.818,3.563,4.614,27.258,878.39,42.857,66.223
0:14:52,5:11:58,10.021,13.254,-0.226,-0.231,45.978,6.257,5.033,163.304,4.873,3.865,3.956,27.258,878.59,42.857,66.223
0:14:54,5:12:00,10.002,13.252,-0.244,-0.251,52.083,6.257,5.033,159.728,4.818,1.288,2.513,5.086,879.34,42.857,66.223
0:14:56,5:12:02,9.992,13.299,-0.27,-0.278,56.004,6.26,5.035,165.688,4.833,3.502,3.185,37.758,880.47,42.857,66.223
0:14:58,5:12:04,9.986,13.272,-0.285,-0.291,57.187,6.257,5.035,168.072,4.792,1.428,2.226,26.555,881.49,42.857,66.223
0:15:00,5:12:06,9.989,13.281,-0.283,-0.287,42.252,6.26,5.033,171.648,4.868,3.112,1.465,26.555,882.09,42.857,66.223
0:15:02,5:12:08,9.989,13.245,-0.264,-0.264,48.216,6.257,5.033,174.032,4.826,0.997,4.113,22.5,882.89,42.857,66.223
0:15:04,5:12:10,10.002,13.267,-0.241,-0.243,59.41,6.26,5.033,174.032,4.873,0.126,3.285,23.602,883.73,42.857,66.223
0:15:06,5:12:12,10.022,13.252,-0.232,-0.24,64.691,6.257,5.033,163.304,4.888,1.509,2.287,24.984,884.72,42.857,66.223
0:15:08,5:12:14,9.986,13.275,-0.253,-0.256,72.014,6.26,5.033,165.688,4.873,1.99,2.106,14.742,885.02,42.857,66.223
0:15:10,5:12:16,9.949,13.277,-0.29,-0.291,62.755,6.26,5.035,182.376,4.884,0.07,2.795,14.742,885.22,42.857,66.223
0:15:12,5:12:18,9.945,13.258,-0.31,-0.311,49.201,6.26,5.043,181.184,4.868,0.586,3.034,12.961,886.53,42.857,66.223
0:15:14,5:12:20,9.978,13.262,-0.279,-0.282,48.727,6.257,5.033,178.8,4.863,0.524,2.81,34.523,887.53,42.857,66.223
0:15:16,5:12:22,10.022,13.272,-0.236,-0.241,67.755,6.26,5.033,168.072,4.871,0.303,2.297,21.914,887.91,42.857,66.223
0:15:18,5:12:24,9.986,13.26,-0.259,-0.266,68.579,6.26,5.03,170.456,4.878,4.505,5.906,0.516,887.93,42.857,66.223
0:15:20,5:12:26,9.979,13.282,-0.28,-0.283,64.004,6.26,5.033,166.88,4.868,-0.161,3.769,0.516,888.57,42.857,66.223
0:15:22,5:12:28,9.978,13.272,-0.281,-0.286,60.014,6.257,5.045,174.032,4.876,1.184,2.58,17.93,890.1,42.857,66.223
0:15:24,5:12:30,9.961,13.254,-0.289,-0.293,50.853,6.257,5.055,171.648,4.876,-0.278,2.808,47.414,891.18,42.857,66.223
0:15:26,5:12:32,9.994,13.275,-0.265,-0.264,57.691,6.26,5.056,172.84,4.876,0.8,1.912,18.211,891.51,42.857,66.223
0:15:28,5:12:34,10.015,13.248,-0.248,-0.251,65.173,6.26,5.045,171.648,4.888,0.367,2.69,18.211,891.25,42.857,66.223
0:15:30,5:12:36,9.982,13.275,-0.27,-0.275,63.748,6.26,5.047,165.688,4.878,1.699,3.314,-3.938,892.7,42.857,66.223
0:15:32,5:12:38,9.965,13.268,-0.294,-0.298,49.133,6.272,5.047,160.92,4.873,-0.874,2.368,48.305,893.69,42.857,66.223
0:15:34,5:12:40,9.978,13.268,-0.285,-0.293,53.827,6.272,5.047,168.072,4.868,3.011,0.353,18.797,894.08,42.857,66.223
0:15:36,5:12:42,9.988,13.281,-0.275,-0.273,50.878,6.257,5.045,169.264,4.871,1.141,1.826,5.461,894.27,42.857,66.223
0:15:38,5:12:44,9.942,13.272,-0.296,-0.298,61.245,6.257,5.06,164.496,4.866,1.604,2.635,5.461,895.04,42.857,66.223
0:15:40,5:12:46,9.936,13.258,-0.287,-0.297,68.327,6.26,5.047,164.496,4.851,-0.026,2.463,20.93,896.26,42.857,66.223
0:15:42,5:12:48,9.964,13.244,-0.292,-0.293,60.259,6.26,5.045,170.456,4.884,3.057,0.27,35.742,897.19,42.857,66.223
0:15:44,5:12:50,9.979,13.257,-0.296,-0.297,56.673,6.26,5.047,175.224,4.85,1.705,6.935,13.359,897.19,42.857,66.223
0:15:46,5:12:52,9.979,13.285,-0.276,-0.277,67.64,6.257,5.05,174.032,4.851,1.639,5.729,0.938,897.23,42.857,66.223
0:15:48,5:12:54,9.969,13.277,-0.286,-0.291,80.82,6.26,5.06,177.608,4.876,2.593,4.001,0.938,898.27,42.857,66.223
0:15:50,5:12:56,9.972,13.267,-0.286,-0.291,71,6.26,5.052,169.264,4.884,2.87,1.005,42.047,899.75,42.857,66.223
0:15:52,5:12:58,9.965,13.264,-0.303,-0.308,56.568,6.257,5.056,172.84,4.883,3.08,2.753,33.07,900.4,42.857,66.223
0:15:54,5:13:00,9.988,13.258,-0.272,-0.285,63.338,6.26,5.071,182.376,4.883,1.141,2.735,0.984,900.4,42.857,66.223
0:15:56,5:13:02,10.015,13.277,-0.244,-0.247,75.094,6.257,5.068,172.84,4.785,0.418,4.57,13.969,900.98,42.857,66.223
0:15:58,5:13:04,9.997,13.264,-0.259,-0.265,88.978,6.26,5.068,172.84,4.86,4.072,3.9,13.969,902.13,42.857,66.223
0:16:00,5:13:06,9.961,13.264,-0.301,-0.293,0,6.26,5.06,176.416,4.884,0.705,-0.191,37.313,902.06,42.857,66.223
0:16:02,5:13:08,9.994,13.281,-0.287,-0.294,0,6.26,5.056,154.96,4.883,4.38,2.166,-11.508,902.06,42.857,66.223
0:16:04,5:13:10,9.972,13.252,-0.282,-0.285,0,6.257,5.066,152.576,4.883,2.199,3.407,0,902.06,42.857,66.223
0:16:06,5:13:12,10.03,13.282,-0.245,-0.245,0,6.266,5.068,146.616,4.888,3.05,3.538,0,902.06,42.857,66.223
0:16:08,5:13:14,10.004,13.275,-0.242,-0.246,0,6.257,5.066,138.272,4.861,2.584,3.052,0,902.06,42.857,66.223
0:16:10,5:13:16,9.998,13.278,-0.261,-0.271,0,6.36,5.06,139.464,4.873,2.387,2.084,0,902.06,42.857,66.223
0:16:12,5:13:18,10.011,13.292,-0.267,-0.271,0,6.354,5.06,143.04,4.888,2.91,0.941,0,902.06,42.857,66.223
0:16:14,5:13:20,10.018,13.271,-0.259,-0.262,0,6.351,5.095,139.464,4.884,1.608,-2.841,0,902.06,42.857,66.223
0:16:16,5:13:22,9.998,13.277,-0.268,-0.271,0,6.354,5.106,137.08,4.851,0.532,4.506,0,902.06,42.857,66.223
0:16:18,5:13:24,10.002,13.267,-0.278,-0.285,0,6.36,5.095,138.272,4.846,2.311,3.971,0,902.06,42.857,66.223
0:16:20,5:13:26,9.984,13.271,-0.274,-0.275,0,6.354,5.093,140.656,4.821,0.383,4.617,0,902.06,42.857,66.223
0:16:22,5:13:28,9.988,13.258,-0.274,-0.275,0,6.354,5.095,144.232,4.821,-0.893,2.75,0,902.06,42.857,66.223
0:16:24,5:13:30,10.004,13.271,-0.253,-0.262,0,6.257,5.045,146.616,4.823,3.624,2.498,0,902.06,42.857,66.223
0:16:26,5:13:32,10.025,13.26,-0.247,-0.251,0,6.282,5.056,137.08,4.813,9.646,-1.444,0,902.06,42.857,66.223
0:16:28,5:13:34,10.002,13.245,-0.265,-0.27,0,6.354,5.105,131.12,4.811,7.35,2.486,0,902.06,42.857,66.223
0:16:30,5:13:36,10.004,13.262,-0.278,-0.281,0,6.354,5.098,135.888,4.826,-1.139,2.591,0,902.06,42.857,66.223
0:16:32,5:13:38,10.001,13.262,-0.273,-0.282,0,6.354,5.109,128.736,4.805,-0.46,1.251,0,902.06,42.857,66.223
0:16:34,5:13:40,9.986,13.25,-0.26,-0.262,0,6.354,5.085,129.928,4.811,5.115,1.043,-0.023,902.06,42.857,66.223
0:16:36,5:13:42,10.012,13.24,-0.243,-0.248,0,6.351,5.056,127.544,4.821,2.447,3.475,-0.023,902.06,42.857,66.223
0:16:38,5:13:44,10.05,13.271,-0.21,-0.218,0,6.351,5.047,126.352,4.811,4.942,3.482,0,902.06,57.142,66.223
0:16:40,5:13:46,10.012,13.281,-0.251,-0.243,0,6.354,5.056,137.08,4.811,3.904,1.957,0,902.06,57.142,66.223
0:16:42,5:13:48,9.978,13.281,-0.29,-0.295,0,6.354,5.123,126.352,4.8,1.536,4.545,0,902.06,57.142,66.223
0:16:44,5:13:50,9.956,13.267,-0.307,-0.31,0,6.354,5.105,129.928,4.811,-0.474,-0.811,0,902.06,57.142,66.223
0:16:46,5:13:52,10.007,13.245,-0.272,-0.265,0,6.354,5.085,132.312,4.851,4.745,3.513,0,902.06,57.142,66.223
0:16:48,5:13:54,10.021,13.257,-0.225,-0.238,0,6.354,5.085,121.584,4.855,0.987,1.312,0,902.06,57.142,66.223
0:16:50,5:13:56,10.051,13.258,-0.216,-0.221,0,6.439,5.035,114.432,4.83,-0.54,2.603,0,902.06,57.142,66.223
0:16:52,5:13:58,9.997,13.272,-0.254,-0.263,0,6.448,5.056,118.008,4.826,-0.057,3.3,0,902.06,57.142,66.223
0:16:54,5:14:00,9.945,13.275,-0.292,-0.291,0,6.448,5.063,126.352,4.801,0.684,0.884,0,902.06,57.142,66.223
0:16:56,5:14:02,9.982,13.282,-0.28,-0.282,0,6.445,5.078,126.352,4.813,1.076,4.519,0,902.06,57.142,66.223
0:16:58,5:14:04,10.001,13.24,-0.259,-0.263,0,6.36,5.066,121.584,4.816,0.009,2.893,0,902.06,57.142,66.223
0:17:00,5:14:06,9.992,13.254,-0.254,-0.259,0,6.382,5.061,118.008,4.821,3.61,0.133,0,902.06,57.142,66.223
0:17:02,5:14:08,10.017,13.278,-0.246,-0.25,0,6.448,5.076,116.816,4.811,3.45,1.976,0,902.06,57.142,66.223
0:17:04,5:14:10,10.015,13.252,-0.237,-0.242,0,6.448,5.081,118.008,4.816,3.484,3.529,0,902.06,57.142,66.223
0:17:06,5:14:12,10.007,13.278,-0.25,-0.255,0,6.455,5.068,116.816,4.818,2.688,2.272,0,902.06,57.142,66.223
0:17:08,5:14:14,10.044,13.286,-0.245,-0.244,0,6.448,5.081,125.16,4.811,0.552,-0.239,0,902.06,57.142,66.223
0:17:10,5:14:16,10.06,13.282,-0.225,-0.232,0,6.448,5.073,115.624,4.813,-0.706,2.914,0,902.06,57.142,66.223
0:17:12,5:14:18,10.007,13.262,-0.247,-0.25,0,6.448,5.098,115.624,4.818,-0.088,-0.35,0,902.06,57.142,66.223
0:17:14,5:14:20,9.997,13.26,-0.268,-0.27,0,6.448,5.095,120.392,4.811,-6.836,4.94,0,902.06,57.142,66.223
0:17:16,5:14:22,10.017,13.271,-0.242,-0.244,0,6.448,5.1,115.624,4.85,3.181,2.135,0,902.06,57.142,66.223
0:17:18,5:14:24,10.045,13.267,-0.224,-0.232,0,6.448,5.088,113.24,4.83,0.949,2.748,0,902.06,57.142,66.223
0:17:20,5:14:26,10.045,13.258,-0.231,-0.237,0,6.448,5.095,115.624,4.813,1.562,1.84,0,902.06,57.142,66.223
0:17:22,5:14:28,9.989,13.286,-0.253,-0.264,0,6.448,5.1,113.24,4.818,0.968,2.905,0,902.06,57.142,66.223
0:17:24,5:14:30,9.939,13.285,-0.313,-0.316,0,6.455,5.121,118.008,4.795,0.432,3.606,0,902.06,57.142,66.223
0:17:26,5:14:32,9.978,13.238,-0.3,-0.295,0,6.445,5.098,120.392,4.797,2.245,2.428,0,902.06,57.142,66.223
0:17:28,5:14:34,10.04,13.254,-0.242,-0.241,0,6.448,5.078,115.624,4.778,0.934,1.366,0,902.06,57.142,66.223
0:17:30,5:14:36,10.018,13.25,-0.231,-0.24,0,6.448,5.055,112.048,4.78,0.35,3.191,0,902.06,57.142,66.223
0:17:32,5:14:38,9.982,13.257,-0.277,-0.28,0,6.543,5.047,109.664,4.719,-0.655,3.789,0,902.06,57.142,66.223
0:17:34,5:14:40,9.984,13.281,-0.297,-0.297,0,6.448,5.05,115.624,4.78,2.041,2.468,0,902.06,57.142,66.223
0:17:36,5:14:42,9.975,13.26,-0.29,-0.296,-255.054,6.445,5.045,120.392,4.846,2.64,2.64,0,902.06,57.142,66.223
0:17:38,5:14:44,9.961,13.252,-0.294,-0.299,-480.146,6.445,5.085,108.472,4.79,1.503,2.715,-247.898,886.42,57.142,66.223
0:17:40,5:14:46,9.974,13.243,-0.279,-0.28,-463.137,6.54,5.105,90.592,4.901,6.398,1.287,-900.141,854.22,57.142,66.223
0:17:42,5:14:48,9.982,13.25,-0.273,-0.284,-413.216,6.549,5.101,89.4,4.873,1.841,2.199,-900.141,817.13,57.142,66.223
0:17:44,5:14:50,9.936,13.272,-0.301,-0.31,-388.777,6.634,5.116,91.784,4.835,2.733,3.376,-1218.516,767.38,57.142,66.223
0:17:46,5:14:52,9.936,13.24,-0.313,-0.313,-404.892,6.637,5.118,91.784,4.889,2.914,6.584,-1365.305,721.34,57.142,66.223
0:17:48,5:14:54,9.852,13.238,-0.37,-0.373,-399.763,6.637,5.088,89.4,4.898,1.849,3.259,-1567.453,671.8,57.142,66.223
0:17:50,5:14:56,9.877,13.207,-0.353,-0.358,-403.201,6.634,5.083,85.824,4.868,-1.241,5.573,-1567.453,609.58,57.142,66.223
0:17:52,5:14:58,9.885,13.206,-0.328,-0.33,-371.369,6.637,5.095,84.632,4.823,0.944,2.041,-1720.242,555.49,57.142,66.223
0:17:54,5:15:00,9.83,13.203,-0.346,-0.353,-365.518,6.634,5.109,84.632,4.843,3.568,2.56,-2029.031,482.11,57.142,66.223
0:17:56,5:15:02,9.84,13.191,-0.37,-0.368,-379.979,6.637,5.126,84.632,4.88,-0.003,2.728,-2064.797,417.07,57.142,66.223
0:17:58,5:15:04,9.832,13.197,-0.366,-0.37,-382.856,6.637,5.111,83.44,4.84,0.769,2.146,-1968.211,347.17,57.142,66.223
0:18:00,5:15:06,9.845,13.187,-0.353,-0.36,-376.957,6.637,5.116,83.44,4.818,0.831,2.295,-1968.211,275.07,57.142,66.223
0:18:02,5:15:08,9.845,13.189,-0.339,-0.337,-365.986,6.637,5.098,82.248,4.808,1.646,2.683,-2193.703,211.68,57.142,66.223
0:18:04,5:15:10,9.836,13.173,-0.345,-0.345,-341.892,6.637,5.081,81.056,4.801,0.964,2.367,-2110.172,131.42,57.142,66.223
0:18:06,5:15:12,9.813,13.17,-0.347,-0.349,0,6.637,5.09,81.056,4.808,1.017,2.486,-2281.828,59.36,57.142,66.223
0:18:08,5:15:14,9.86,13.173,-0.315,-0.316,0,6.448,5.098,50.064,4.833,0.626,2.854,-323.086,56.98,57.142,66.223
0:18:10,5:15:16,9.883,13.163,-0.282,-0.282,0,5.03,5.085,46.488,4.813,1.048,2.627,-323.086,56.98,57.142,66.223
0:18:12,5:15:18,9.895,13.169,-0.28,-0.284,0,3.09,5.098,46.488,4.845,1.033,2.758,0,56.98,57.142,66.223
0:18:14,5:15:20,9.859,13.15,-0.31,-0.316,0,1.615,5.106,45.296,4.795,1.307,2.637,0,56.98,57.142,66.223
0:18:16,5:15:22,9.866,13.174,-0.313,-0.31,0,0,5.081,45.296,4.813,1.059,2.687,0,56.98,57.142,66.223
0:18:18,5:15:24,9.869,13.173,-0.294,-0.295,0,0,5.098,45.296,4.85,1.351,2.82,0,56.98,57.142,66.223
0:18:20,5:15:26,9.865,13.179,-0.296,-0.298,-446.165,0,5.078,45.296,4.873,1.325,2.915,0,34.92,57.142,66.223
0:18:22,5:15:28,9.84,13.163,-0.311,-0.317,0,0,5.09,46.488,4.893,2.099,2.709,-697.617,-5.1,57.142,66.223
0:18:24,5:15:30,9.856,13.163,-0.301,-0.304,0,0,5.068,45.296,4.904,-0.299,2.982,-866.789,-14.46,57.142,66.223
0:18:26,5:15:32,9.859,13.184,-0.302,-0.306,0,0,5.118,46.488,4.873,0.167,2.633,0,-14.46,57.142,66.223
0:18:28,5:15:34,9.888,13.183,-0.289,-0.291,0,0,5.088,46.488,4.914,1.401,2.721,0,-14.46,57.142,66.223
0:18:30,5:15:36,9.873,13.174,-0.29,-0.293,0,0,5.076,45.296,4.899,1.362,2.745,0,-14.46,57.142,66.223
0:18:32,5:15:38,9.819,13.156,-0.327,-0.331,0,0,5.088,46.488,4.914,1.579,2.673,0,-14.46,57.142,66.223
0:18:34,5:15:40,9.826,13.145,-0.329,-0.331,0,0,5.09,45.296,4.828,1.23,2.736,0,-14.46,57.142,66.223
